,Unnamed: 0,difference,transition_time,match_num,entrance_index,departure_index,camera,departure,entrance,frame_num,h,hour,index,max_track_len,next_cam,next_cam_framenum,track,track_length,w,x1,x2,y1,y2
4,2,0.0014185011944974823,21,3,5957,2571,11,1,0,962,606,13,2571,27,9,983,2,27,314,1160,1474,474,1080
3,3,0.0013223253630179578,7,4,2844,2685,12,1,0,3953,528,13,2685,22,13,3960,5,22,253,681,934,552,1080
1,4,0.000508159065787348,2,5,4490,3649,2,1,0,1551,99,13,3649,75,4,1553,3,75,78,603,681,981,1080
2,5,0.0013507911974763214,3,6,4821,4093,2,1,0,5782,447,13,4093,85,4,5785,18,85,149,158,307,504,951
0,7,0.0014970693908585766,4,8,5319,5791,7,1,0,5366,340,13,5791,33,6,5370,9,33,177,1614,1791,740,1080
8,9,0.0010572064804490774,9,10,6820,6727,12,1,0,1304,550,15,6727,93,13,1313,4,93,205,228,433,530,1080
6,12,0.0012331060629395367,5,13,7520,8208,4,1,0,5030,332,15,8208,42,2,5035,70,42,169,1134,1303,748,1080
7,13,0.0010225412645675325,2,14,7578,8291,4,1,0,5768,217,15,8291,79,2,5770,77,79,123,1108,1231,863,1080
5,14,0.0014493224272334295,3,15,8610,8457,5,1,0,3330,361,15,8457,79,6,3333,5,79,148,0,148,719,1080
